Workbook

Sheet Summary
A1: Suspicious Backlinks Report — theaceservices.com
A2: Generated: 2026-08-18
A3: Source: Ahrefs Site Explorer (referring-domains endpoint, subdomains mode)
A5: Total unique domains in this report | B5: =COUNTA('All Domains'!A2:A421)
A6: Confirmed spam (Ahrefs is_spam flag) | B6: =COUNTIF('All Domains'!E2:E421,"YES")
A7: Non-flagged — worth reviewing | B7: =COUNTIF('All Domains'!E2:E421,"NO")
A8: Total backlinks from these domains | B8: =SUM('All Domains'!C2:C421)
A9: Dofollow (equity-passing) backlinks | B9: =SUM('All Domains'!D2:D421)
A12: Breakdown by Category
A13: Category | B13: Domain Count | C13: Backlink Count
A14: .shop bulk backlink farm | B14: =COUNTIF('All Domains'!G2:G421,".shop bulk backlink farm") | C14: =SUMIF('All Domains'!G2:G421,".shop bulk backlink farm",'All Domains'!C2:C421)
A15: .shop growth-pattern PBN wave | B15: =COUNTIF('All Domains'!G2:G421,".shop growth-pattern PBN wave") | C15: =SUMIF('All Domains'!G2:G421,".shop growth-pattern PBN wave",'All Domains'!C2:C421)
A16: .shop other spam | B16: =COUNTIF('All Domains'!G2:G421,".shop other spam") | C16: =SUMIF('All Domains'!G2:G421,".shop other spam",'All Domains'!C2:C421)
A17: Adult/gambling spam | B17: =COUNTIF('All Domains'!G2:G421,"Adult/gambling spam") | C17: =SUMIF('All Domains'!G2:G421,"Adult/gambling spam",'All Domains'!C2:C421)
A18: Compromised source (pharma-anchor spam) | B18: =COUNTIF('All Domains'!G2:G421,"Compromised source (pharma-anchor spam)") | C18: =SUMIF('All Domains'!G2:G421,"Compromised source (pharma-anchor spam)",'All Domains'!C2:C421)
A19: High-DR spam mirror site | B19: =COUNTIF('All Domains'!G2:G421,"High-DR spam mirror site") | C19: =SUMIF('All Domains'!G2:G421,"High-DR spam mirror site",'All Domains'!C2:C421)
A20: Known paid-link seller | B20: =COUNTIF('All Domains'!G2:G421,"Known paid-link seller") | C20: =SUMIF('All Domains'!G2:G421,"Known paid-link seller",'All Domains'!C2:C421)
A21: Link-Baron .store PBN | B21: =COUNTIF('All Domains'!G2:G421,"Link-Baron .store PBN") | C21: =SUMIF('All Domains'!G2:G421,"Link-Baron .store PBN",'All Domains'!C2:C421)
A22: Not flagged — review manually | B22: =COUNTIF('All Domains'!G2:G421,"Not flagged — review manually") | C22: =SUMIF('All Domains'!G2:G421,"Not flagged — review manually",'All Domains'!C2:C421)
A23: Other spam (Ahrefs-flagged) | B23: =COUNTIF('All Domains'!G2:G421,"Other spam (Ahrefs-flagged)") | C23: =SUMIF('All Domains'!G2:G421,"Other spam (Ahrefs-flagged)",'All Domains'!C2:C421)
A24: Outrank-HQ .store PBN | B24: =COUNTIF('All Domains'!G2:G421,"Outrank-HQ .store PBN") | C24: =SUMIF('All Domains'!G2:G421,"Outrank-HQ .store PBN",'All Domains'!C2:C421)
A25: Rank-Forge .store PBN | B25: =COUNTIF('All Domains'!G2:G421,"Rank-Forge .store PBN") | C25: =SUMIF('All Domains'!G2:G421,"Rank-Forge .store PBN",'All Domains'!C2:C421)
A26: SEOExpress .store PBN | B26: =COUNTIF('All Domains'!G2:G421,"SEOExpress .store PBN") | C26: =SUMIF('All Domains'!G2:G421,"SEOExpress .store PBN",'All Domains'!C2:C421)
A27: SEOExpress fake-testimonial network | B27: =COUNTIF('All Domains'!G2:G421,"SEOExpress fake-testimonial network") | C27: =SUMIF('All Domains'!G2:G421,"SEOExpress fake-testimonial network",'All Domains'!C2:C421)
A30: Recommended Actions
A31: 1. | B31: Upload the disavow file to Google Search Console | C31: File: seo/disavow-theaceservices-com-2026-08-18.txt
A32: 2. | B32: Review 'Not flagged' rows manually | C32: Filter 'All Domains' sheet by column E = NO and inspect anchor context
A33: 3. | B33: Re-run this report monthly | C33: Spam networks add new domains constantly (May-Aug 2026 wave was 250+ new PBNs)
A34: 4. | B34: Set up Ahrefs Rank Tracker alerts | C34: Get notified of new spam refdomains within 24-48hrs

Sheet All Domains
A1: Domain | B1: Domain Rating (DR) | C1: Links to Target | D1: Dofollow Links | E1: Ahrefs Flagged Spam | F1: First Seen | G1: Category | H1: Recommended Action | I1: Ref. Domain Traffic
A2: za.com | B2: 90 | C2: 5 | D2: 0 | E2: YES | F2: 2024-07-06 | G2: High-DR spam mirror site | H2: Disavow | I2: 1152030
A3: itxoft.com | B3: 80 | C3: 3 | D3: 0 | E3: YES | F3: 2024-03-27 | G3: High-DR spam mirror site | H3: Disavow | I3: 0
A4: factmags.com | B4: 74 | C4: 1 | D4: 0 | E4: YES | F4: 2026-05-12 | G4: Other spam (Ahrefs-flagged) | H4: Disavow | I4: 0
A5: rankyour.website | B5: 74 | C5: 1 | D5: 0 | E5: YES | F5: 2026-05-08 | G5: Known paid-link seller | H5: Disavow | I5: 0
A6: buybacklinks.agency | B6: 70 | C6: 1 | D6: 0 | E6: YES | F6: 2026-04-08 | G6: Known paid-link seller | H6: Disavow | I6: 0
A7: rankva.com | B7: 70 | C7: 1 | D7: 0 | E7: YES | F7: 2025-03-27 | G7: Known paid-link seller | H7: Disavow | I7: 0
A8: backlinker.shop | B8: 65 | C8: 1 | D8: 0 | E8: YES | F8: 2025-10-10 | G8: .shop bulk backlink farm | H8: Disavow | I8: 0
A9: best-seo-domains.com | B9: 59 | C9: 1 | D9: 1 | E9: YES | F9: 2025-01-26 | G9: Known paid-link seller | H9: Disavow | I9: 0
A10: rank-top.click | B10: 59 | C10: 1 | D10: 0 | E10: YES | F10: 2026-05-07 | G10: Known paid-link seller | H10: Disavow | I10: 0
A11: socastsrm.com | B11: 56 | C11: 1 | D11: 0 | E11: YES | F11: 2025-02-05 | G11: Known paid-link seller | H11: Disavow | I11: 688
A12: authoritybacklinks.shop | B12: 54 | C12: 1 | D12: 0 | E12: YES | F12: 2026-05-11 | G12: .shop growth-pattern PBN wave | H12: Disavow | I12: 0
A13: buyseobacklinks.shop | B13: 54 | C13: 1 | D13: 0 | E13: YES | F13: 2026-06-23 | G13: .shop bulk backlink farm | H13: Disavow | I13: 0
... A421: warmrank.com | B421: 0 | C421: 1 | D421: 0 | E421: NO | F421: 2026-08-18 | G421: Not flagged — review manually | H421: Review | I421: 45

Sheet Disavow Format
A1: Google Disavow File Content
A2: Copy the lines below into a plain-text .txt file and upload to Google Search Console.
A3: Or use the pre-built file: seo/disavow-theaceservices-com-2026-08-18.txt
A5: Disavow Entry
A6: domain:za.com
A7: domain:itxoft.com
A8: domain:factmags.com
A9: domain:rankyour.website
A10: domain:buybacklinks.agency
A11: domain:rankva.com
A12: domain:backlinker.shop
A13: domain:best-seo-domains.com
... A398: domain:webranksystems.shop
